{"Train/Acc": 0.33693485483172037, "round": 74, "_timestamp": 1698029618.7385328, "_runtime": 7292.882958889008, "_step": 599, "Train/Loss": 1.8017827324245288, "Test/Acc": 0.387496224705527, "Test/Loss": 1.6422757957920884, "Global Test Acc": 0.47427766032417196, "Global Test Loss": 1.3855090032924304, "Global Train Acc": 0.4276307889364768, "Global Train Loss": 1.537805105548307, "_wandb": {"runtime": 7292}}